holder,cats
\xac2b0ef03cf4a5913e39b866c4a71659e01174b6,39
\x54be3a794282c030b15e43ae2bb182e14c409c5e,33
\x8f2b13021dc3691b020a1f503928d2e8a6427e33,27
\x228d3c657b8e59fc76c4e38b86f2e4c42cd3af30,27
\x7e00f4110fb7d02a91632895fb93cd09af3209c6,24
\xb90ec4b2da6ffce7d7a758bf2121f6a67d526357,17
\x2ac9c499fb2706e7869c208de85320c61b2b166b,15
\x081bb306fc36b306ec41e770132603494617cfa7,15
\x45c5308d28e686ecdfdc9267dcfb08f289f37916,14
\x07593e7a9cf21631a606026e8378916f1332d22b,13
\x13abb285529729ed8acecff3da52351e991f650e,12
\xc797a3672c0cc4cca963ecb282a0285218811d9a,12
\xb99f589b02c6767d05a082da86b1eedecbe19368,11
\xa1ff0c6d0e5995ff859912421b5df89104a32f5b,11
\x26153ca3a54b0c54aeeeff9f2de50262af620118,10
\x0be73d4dd5b650f0ab9514b737b60b9ea4ea6cc3,10
\xb25a1d02b029d53212e4c356b6daad419762e606,10
\xb583460f68bed07bce5654ebaa53dcebe2583d30,10
\x1855cbf05c92ad349b30497998960f02249d69ac,10
\x6c08129d5c35543c59937d8f8c5c86895d8c91cb,9
\xa2201f091b2e8e5f8adaf8b023b99322b9ea5e66,9
\x71e7463e4f1574f43b1bbf6916edb12e1e23c222,9
\x7d65ca2e552c54f8a9de4a8e1af320221ddbf80f,9
\x0d6e832e8188c308904de51ea62b43920fe1da46,9
\xfe8d12bb904e686843e02f7ebc969651a80accde,9
\x8a40c97f38d1a4ffd14f29f813af28a66c002fd3,9
\xd3ae3bd3bd4218cbca02e2adda91925a7e83ac3e,8
\xef60c31cba568cb9e303695b9e6129a4d57e5be6,8
\x905d13367f3bb940072a133c81563f1b1a6779ad,8
\x0f2c0e7da945c0ab0e8452d9a8d95fb95c79e019,8
\x51270b2b92d1080a27d05c6ebcdedec4824d5efb,8
\x88889778402dcf6cf363bb9ac47f7a2d8e77a2af,7
\x7811c6a535ddff8f86bfdeade882e744bc9fe380,7
\x7a145dc8fb724b1839d56d6839f2173cf7368e71,7
\xdb9c1abbae23c0e7c99c866d8b75eb634f69e0bf,7
\xe10772c3c2e8879b13d5d2886ef8e9f9b95b83aa,7
\xbb60f9f245505f3d132974169be1c01aa68f66f7,7
\x6cd2d84298f731fa443061255a9a84a09dbca769,7
\xa5271bc240c3ef46c697799038b58d3943d871c9,7
\xa211f47a0cc694b1ab3d84c1a50454bc0e43d41f,7
\x7044b3fbbc4157fd5d3f97c188458a99e0ee43cd,7
\x5138ca774e2b13010ec249461ad39bdaca067cbf,7
\x90ae1d18d96e71fa067405c66a1ae46a7a64ca56,7
\x8ce81fa5e5e708451ccd96c401aa52e0b027fea0,7
\xab6ddfff861c7eba5ac9166dd31566975e8e3104,7
\x28fe8ef2def1f5e6fca4cf2e41936ef6cb77a007,7
\x5bfdf134a13a77514be7bc8d4e18cd10c246faff,7
\xc2f8adc100e0f49c6b5c72e15299e38604e5c9d9,7
\xea39c551834d07ee2ee87f1ceff843c308e089af,7
\xe0028a40f06fd93fdc6bb87424e3569cb7478b90,6
\xe4d825729c7b43b26d038c81e4e0477c30c6a5bc,6
\x7e5ab36876a267560e7191cedbe99ee7bc04bc30,6
\xf7c4254af77f6688217502f0c54d9253a60b8eec,6
\xed690606f908361c26bd2b1ad4fa31ed201dca4c,6
\x7c1958ba95ab3170f6069dadf4de304b0c00000c,6
\xa6cbbb8a01f857f51a7aee48921afa8b2aa4acbe,6
\xffcfe3d7c47fd0b066da29e5ce062281ad342590,5
\x026deae9df816a554520aba9c6d857dadae91ecc,5
\x055f86a0aaf702d7324076ae9c5b9aa203204ccd,5
\x134603117a253dd4550eb1fc508e289761be9c3e,5
\x17526dd2955c6d7b4450bf066d196d7001e70804,5
\x1b52852b884215037ddac79d0a04a4e214d2bbbb,5
\x1eb011bba35735d608563e8f93594a846497c912,5
\x25b90c2cdef12f52808ddacfa907b8f3d72884bb,5
\x2c419c8b207b10b39673482d83caa3e11f3604c5,5
\x326bb4f6527b4f5a2a4bf357aba2d8db55a232f8,5
\x39188feab56e9cfd99ea045a6c62aa7b880a51a9,5
\x39beeeaef91e24118ada4a675abccb55c189a8ef,5
\x46bdd4b15e0820bf12387889b0d4b0763ec758ca,5
\x495bb5bc6eae79f88f91cc8a9a564836fa692cb8,5
\x4b75b25402eeb4e0c4c87581f9f8201339a951e5,5
\x537037c5ae805b9d4cecab5ee07f12a8e59a15b2,5
\x54d63a8fdb477fd50c910f93217dc8880e04b522,5
\x5c4fe960950ba0e09a72869c3d51fe70f07580e0,5
\x5c8ae425afe83adea6785f59da2b5f02f9e47f98,5
\x66a6f7744ce4dea450910b81a7168588f992eafb,5
\x6802b4028d41ca367137dc50ebd3f5eeedc8be55,5
\x6de4d35786c9bf77d48d8bcb2e8df2f93bd83aed,5
\x702f2d8d6d351f08fef5d08d53079fc30b027914,5
\x865916a2ab1e7ef5087563f6dd3dd5cdd5c0d5c1,5
\x87d411bb593218f43b1c76278769a0f5d1b740f4,5
\x88668b63218bcfd31692e14f635d195f9f45c030,5
\x8b98a65979570c46b0d32ccb432db885867ce277,5
\x8eb50c51958206371a6bfab8d56d4e58962fd7d0,5
\x9273eb21bc9854d0e06432b5b8c7634ba824ae49,5
\x94f0e2d982206b62a7fe0d7071ead421d0808545,5
\x9a9750a276beac4f80686c056fa93ae0cc766091,5
\x9bac8d5f1567a821adad0193f39fb3f39b3b73d5,5
\xa84600c61afcd9b70629f8ace01b9d4c34ebc245,5
\xa8c029328c09457fcae143134de71511db71d008,5
\xacdaeeb57ff6886fc8e203b9dd4c2b241df89b7a,5
\xb00b18b3bf6ecc43e6235ee69424d4a220437a4d,5
\xb2514ccf793da87c5c22373c4d42873ba32d7d9d,5
\xb479de67e0827cc72bf5c1727e3bf6fe15007554,5
\xc4a863209186600ec7321dbd1407137b30369164,5
\xc706e6fd04aa2e5c09bddcdc8ec2ea83c3f28d97,5
\xccf0bcb9bdf3a1dd22ab7653d7d7c017f4e62677,5
\xd035a780deccf7808875c6a555937b7c44299f45,5
\xd6a2d212beb2bc5c45480920c68925d5ae1e6abd,5
\xd76aa530b8c1f0039971eca13ca1850047271af0,5
\xd9d1c2623fbb4377d9bf29075e610a9b8b4805b4,5
\xdba83cde266a88532e489f82dd9c0d20c43d7403,5
\xdc76f6238c188a3bf09aff3a61f092292385c090,5
\xe28635e3b9aae5c2bc66f5e32faaad54436fa5e8,5
\xea0591576bff20c6cd220f0dca550eb7eb9fd077,5
\xf1adcceb257f61233a43899b0c7dc283e8a83bb0,5
\xf46b076ff8ac8ae163fcd6d9a6e076903845cd09,5
\xf70853621bebd704f6b3f9805bbd6a68b3dfa7c7,5
\xfde43cd91f7f127dbbbc263394519669296396db,5
\xfee4db0e8bb10b4d5c50b67a3fd073a434910d28,5
\x00ac4257d3848f6e2e3a64d30f221b3fa095ae8f,5
